{
	"credit": "Created by Stridey",
	"parent": "item/template_spawn_egg",
	"textures": {
		"textures": "item/pig_spawn_egg"
	},
	"elements": [
		{
			"name": "pig_spawn_egg_0",
			"from": [4, 2, 7.5],
			"to": [5, 15, 8.5],
			"rotation": {"angle": 0, "axis": "y", "origin": [0, 0, 7.5]},
			"faces": {
				"north": {"uv": [5, 1, 4, 14], "texture": "#textures"},
				"east": {"uv": [4, 1, 5, 14], "texture": "#textures"},
				"south": {"uv": [4, 1, 5, 14], "texture": "#textures"},
				"west": {"uv": [4, 1, 5, 14], "texture": "#textures"},
				"up": {"uv": [4, 1, 5, 2], "texture": "#textures"},
				"down": {"uv": [4, 13, 5, 14], "texture": "#textures"}
			}
		},
		{
			"name": "pig_spawn_egg_1",
			"from": [6, 1, 7.5],
			"to": [10, 15, 8.5],
			"rotation": {"angle": 0, "axis": "y", "origin": [0, 0, 7.5]},
			"faces": {
				"north": {"uv": [10, 1, 6, 15], "texture": "#textures"},
				"east": {"uv": [9, 1, 10, 15], "texture": "#textures"},
				"south": {"uv": [6, 1, 10, 15], "texture": "#textures"},
				"west": {"uv": [6, 1, 7, 15], "texture": "#textures"},
				"up": {"uv": [6, 1, 10, 2], "texture": "#textures"},
				"down": {"uv": [6, 14, 10, 15], "texture": "#textures"}
			}
		},
		{
			"name": "pig_spawn_egg_2",
			"from": [11, 2, 7.5],
			"to": [12, 15, 8.5],
			"rotation": {"angle": 0, "axis": "y", "origin": [0, 0, 7.5]},
			"faces": {
				"north": {"uv": [12, 1, 11, 14], "texture": "#textures"},
				"east": {"uv": [11, 1, 12, 14], "texture": "#textures"},
				"south": {"uv": [11, 1, 12, 14], "texture": "#textures"},
				"west": {"uv": [11, 1, 12, 14], "texture": "#textures"},
				"up": {"uv": [11, 1, 12, 2], "texture": "#textures"},
				"down": {"uv": [11, 13, 12, 14], "texture": "#textures"}
			}
		},
		{
			"name": "pig_spawn_egg_3",
			"from": [3, 3, 7.5],
			"to": [4, 14, 8.5],
			"rotation": {"angle": 0, "axis": "y", "origin": [0, 0, 7.5]},
			"faces": {
				"north": {"uv": [4, 2, 3, 13], "texture": "#textures"},
				"south": {"uv": [3, 2, 4, 13], "texture": "#textures"},
				"west": {"uv": [3, 2, 4, 13], "texture": "#textures"},
				"up": {"uv": [3, 2, 4, 3], "texture": "#textures"},
				"down": {"uv": [3, 12, 4, 13], "texture": "#textures"}
			}
		},
		{
			"name": "pig_spawn_egg_4",
			"from": [5, 1, 7.5],
			"to": [6, 14, 8.5],
			"rotation": {"angle": 0, "axis": "y", "origin": [0, 0, 7.5]},
			"faces": {
				"north": {"uv": [6, 2, 5, 15], "texture": "#textures"},
				"south": {"uv": [5, 2, 6, 15], "texture": "#textures"},
				"west": {"uv": [5, 2, 6, 15], "texture": "#textures"},
				"up": {"uv": [5, 2, 6, 3], "texture": "#textures"},
				"down": {"uv": [5, 14, 6, 15], "texture": "#textures"}
			}
		},
		{
			"name": "pig_spawn_egg_5",
			"from": [10, 1, 7.5],
			"to": [11, 14, 8.5],
			"rotation": {"angle": 0, "axis": "y", "origin": [0, 0, 7.5]},
			"faces": {
				"north": {"uv": [11, 2, 10, 15], "texture": "#textures"},
				"east": {"uv": [10, 2, 11, 15], "texture": "#textures"},
				"south": {"uv": [10, 2, 11, 15], "texture": "#textures"},
				"up": {"uv": [10, 2, 11, 3], "texture": "#textures"},
				"down": {"uv": [10, 14, 11, 15], "texture": "#textures"}
			}
		},
		{
			"name": "pig_spawn_egg_6",
			"from": [12, 3, 7.5],
			"to": [13, 14, 8.5],
			"rotation": {"angle": 0, "axis": "y", "origin": [0, 0, 7.5]},
			"faces": {
				"north": {"uv": [13, 2, 12, 13], "texture": "#textures"},
				"east": {"uv": [12, 2, 13, 13], "texture": "#textures"},
				"south": {"uv": [12, 2, 13, 13], "texture": "#textures"},
				"up": {"uv": [12, 2, 13, 3], "texture": "#textures"},
				"down": {"uv": [12, 12, 13, 13], "texture": "#textures"}
			}
		},
		{
			"name": "pig_spawn_egg_7",
			"from": [2, 4, 7.5],
			"to": [3, 10, 8.5],
			"rotation": {"angle": 0, "axis": "y", "origin": [0, 0, 7.5]},
			"faces": {
				"north": {"uv": [3, 6, 2, 12], "texture": "#textures"},
				"south": {"uv": [2, 6, 3, 12], "texture": "#textures"},
				"west": {"uv": [2, 6, 3, 12], "texture": "#textures"},
				"up": {"uv": [2, 6, 3, 7], "texture": "#textures"},
				"down": {"uv": [2, 11, 3, 12], "texture": "#textures"}
			}
		},
		{
			"name": "pig_spawn_egg_8",
			"from": [13, 4, 7.5],
			"to": [14, 10, 8.5],
			"rotation": {"angle": 0, "axis": "y", "origin": [0, 0, 7.5]},
			"faces": {
				"north": {"uv": [14, 6, 13, 12], "texture": "#textures"},
				"east": {"uv": [13, 6, 14, 12], "texture": "#textures"},
				"south": {"uv": [13, 6, 14, 12], "texture": "#textures"},
				"up": {"uv": [13, 6, 14, 7], "texture": "#textures"},
				"down": {"uv": [13, 11, 14, 12], "texture": "#textures"}
			}
		}
	],
	"groups": [
		{
			"name": "pig_spawn_egg",
			"origin": [8, 8, 8],
			"color": 0,
			"children": [0, 1, 2, 3, 4, 5, 6, 7, 8]
		}
	]
}